Species,Run Type,Migration Year,Abundance
Chum,Summer,2008,28500
Chum,Summer,2009,205000
Chum,Summer,2010,
Chum,Summer,2011,347598
Chum,Summer,2012,290890
Chum,Summer,2013,285469
Chum,Summer,2014,480201
Chum,Summer,2015,130125
Chum,Summer,2016,47478
Chum,Summer,2017,200710
Chum,Summer,2002,1009536
Chum,Summer,2004,2430222
Chum,Summer,2005,3975395
Chum,Summer,2007,4885210
Chum,Summer,2008,167830
Chum,Summer,2009,413214
Chum,NA,2008,127424
Chum,NA,2009,608277
Chum,NA,2010,23567
Chum,Summer,2008,184322
Chum,Summer,2009,364267
Chum,Summer,2010,103803
Chum,Summer,2011,392595
Chum,Summer,2012,642296
Chum,Summer,2013,1213927
Chum,Summer,2014,1532376
Chinook,Fall,2005,529521
Chinook,Fall,2006,139399
Chinook,Fall,2007,4014
Chinook,Fall,2008,10780
Chinook,Fall,2009,407
Chinook,Fall,2010,150431
Chinook,Fall,2011,157002
Chinook,Fall,2012,69571
Chinook,Fall,2013,36209
Chinook,Fall,2014,61614
Chinook,Fall,2015,13229
Chinook,Fall,2017,60780
Chinook,Fall,2018,9336
Chinook,Fall,2019,1075
Chinook,Fall,2020,569
Chinook,Fall,2021,43437
Chinook,Fall,2022,10839
Chinook,Fall,2005,2882618
Chinook,Fall,2006,166532
Chinook,Fall,2007,977
Chinook,Fall,2008,17129
Chinook,Fall,2009,4318
Chinook,Fall,2010,23515
Chinook,Fall,2011,162600
Chinook,Fall,2012,266272
Chinook,Fall,2013,15586
Chinook,Fall,2014,204769
Chinook,Fall,2015,71349
Chinook,Fall,2017,32341
Chinook,Fall,2018,11275
Chinook,Fall,2019,2512
Chinook,Fall,2020,833
Chinook,Fall,2021,2656
Chinook,Fall,2022,7079
Chinook,Fall,2005,246475
Chinook,Fall,2006,398073
Chinook,Fall,2007,20424
Chinook,Fall,2008,29995
Chinook,Fall,2009,7896
Chinook,Fall,2010,207644
Chinook,Fall,2011,435340
Chinook,Fall,2012,400592
Chinook,Fall,2013,56852
Chinook,Fall,2014,89005
Chinook,Fall,2015,132524
Chinook,Fall,2016,101662
Chinook,Fall,2017,236730
Chinook,Fall,2018,10523
Chinook,Fall,2019,611
Chinook,Fall,2021,40943
Chinook,Spring,1996,23446
Chinook,Spring,1997,134206
Chinook,Spring,1998,51913
Chinook,Spring,1999,36717
Chinook,Spring,2000,136920
Chinook,Spring,2001,156545
Chinook,Spring,2002,119673
Chinook,Spring,2003,254368
Chinook,Spring,2004,225164
Chinook,Spring,2005,123292
Chinook,Spring,2006,135498
Chinook,Spring,2007,98274
Chinook,Spring,2008,57493
Chinook,Spring,2009,99326
Chinook,Spring,2010,60413
Chinook,Spring,2011,2695
Chinook,Spring,2012,73082
Chinook,Spring,2013,144458
Chinook,Fall,2005,52126
Chinook,Fall,2006,71779
Chinook,Fall,2007,194366
Chinook,Fall,2008,102910
Chinook,Fall,2009,
Chinook,Fall,2010,450405
Chinook,Fall,2011,308944
Chinook,Fall,2012,245008
Chinook,Fall,2013,138272
Chinook,Fall,2014,2197157
Chinook,Fall,2015,41998
Chinook,Fall,2016,45023
Chinook,Fall,2017,308421
Chinook,Fall,2018,233977
Chum,Fall,2002,
Chum,Fall,2003,25478
Chum,Fall,2004,45450
Chum,Fall,2005,27814
Chum,Fall,2006,31213
Chum,Fall,2007,29707
Chum,Fall,2008,25659
Chum,Fall,2009,27569
Chum,Fall,2010,32161
Chum,Fall,2011,29657
Chum,Fall,2012,61519
Chum,Fall,2013,36160
Chum,Fall,2014,34514
Chum,Fall,2015,48213
Chum,Fall,2016,65557
Chum,Fall,2017,
Chum,Fall,2019,56775
Chum,Fall,2022,216608
Chum,Fall,2001,118016
Chum,Fall,2002,561462
Chum,Fall,2003,485813
Chum,Fall,2004,396413
Chum,Fall,2005,164092
Chum,Fall,2006,103979
Chum,Fall,2007,
Chum,Fall,2008,
Chum,Fall,2009,
Chum,Fall,2010,
Coho,NA,1998,38354
Coho,NA,1999,27987
Coho,NA,2000,20282
Coho,NA,2001,24138
Coho,NA,2002,35001
Coho,NA,2003,33145
Coho,NA,2004,37947
Coho,NA,2005,59721
Coho,NA,2006,47311
Coho,NA,2007,34386
Coho,NA,2008,
Coho,NA,2009,69393
Coho,NA,2010,54231
Coho,NA,2011,56791
Coho,NA,2012,44047
Coho,NA,2013,52656
Coho,Fall,2001,6698
Coho,Fall,2002,4720
Coho,Fall,2003,9626
Coho,Fall,2004,6448
Coho,Fall,2005,11764
Coho,Fall,2006,5175
Coho,Fall,2007,5202
Coho,Fall,2008,5700
Coho,Fall,2009,4020
Coho,Fall,2010,4455
Coho,Fall,2011,11739
Coho,Fall,2012,8107
Coho,Fall,2013,3321
Coho,Fall,2014,7274
Coho,Fall,2020,10787
Coho,NA,2015,5796
Coho,NA,2016,4590
Coho,NA,2017,4642
Coho,NA,2018,12896
Coho,NA,2019,11696
Coho,NA,2021,7922
Coho,NA,2022,12171
Coho,Fall,2001,8157
Coho,Fall,2002,4262
Coho,Fall,2003,5775
Coho,Fall,2004,5062
Coho,Fall,2005,5033
Coho,Fall,2006,2467
Coho,Fall,2007,2714
Coho,Fall,2008,3825
Coho,Fall,2009,2636
Coho,Fall,2010,1132
Coho,Fall,2011,6744
Coho,Fall,2012,5351
Coho,Fall,2013,2261
Coho,Fall,2014,8323
Coho,Fall,2015,3779
Coho,Fall,2020,5527
Coho,Fall,2021,3368
Coho,Fall,2022,486
Coho,NA,2001,6324
Coho,NA,2002,8337
Coho,NA,2003,10514
Coho,NA,2004,5677
Coho,NA,2005,15170
Coho,NA,2006,7894
Coho,NA,2007,12260
Coho,NA,2008,10931
Coho,NA,2009,7023
Coho,NA,2010,13593
Coho,NA,2011,11425
Coho,NA,2012,8918
Coho,NA,2013,12581
Coho,NA,2014,8671
Coho,NA,2015,12168
Coho,NA,2016,9898
Coho,NA,2017,5860
Coho,NA,2018,10997
Coho,NA,2019,9036
Coho,Fall,1996,7148
Coho,Fall,1997,17490
Coho,Fall,1998,196520
Coho,Fall,1999,88788
Coho,Fall,2000,236960
Coho,Fall,2001,796948
Coho,Fall,2002,168281
Coho,Fall,2003,400762
Coho,Fall,2004,308079
Coho,Fall,2005,710889
Coho,Fall,2006,291090
Coho,Fall,2007,288856
Coho,Fall,2008,70172
Coho,Fall,2009,195659
Coho,Fall,2010,218570
Coho,Fall,2011,393545
Coho,Fall,2012,169419
Coho,Fall,2013,324284
Coho,Fall,2005,17412
Coho,Fall,2006,8243
Coho,Fall,2007,10121
Coho,Fall,2008,13392
Coho,Fall,2009,
Coho,Fall,2010,22925
Coho,Fall,2011,14878
Coho,Fall,2012,14014
Coho,Fall,2013,15546
Coho,Fall,2014,23141
Coho,Fall,2015,
Coho,Fall,2016,7484
Coho,Fall,2018,14641
Steelhead,Winter,2001,10458
Steelhead,Winter,2002,5287
Steelhead,Winter,2003,4141
Steelhead,Winter,2004,5238
Steelhead,Winter,2005,2409
Steelhead,Winter,2006,2059
Steelhead,Winter,2007,1493
Steelhead,Winter,2008,1192
Steelhead,Winter,2009,1624
Steelhead,Winter,2010,3941
Steelhead,Winter,2011,2511
Steelhead,Winter,2012,4516
Steelhead,Winter,2013,2400
Steelhead,Winter,2014,2020
Steelhead,Winter,2015,2927
Steelhead,Winter,2016,1749
Steelhead,Winter,2017,3827
Steelhead,Winter,2018,1838
Steelhead,Winter,2019,1859
Steelhead,Winter,2020,5029
Steelhead,Winter,2021,3223
Steelhead,Winter,2022,2909
Steelhead,Winter,2001,7600
Steelhead,Winter,2002,7023
Steelhead,Winter,2003,5936
Steelhead,Winter,2004,7426
Steelhead,Winter,2005,7309
Steelhead,Winter,2006,3164
Steelhead,Winter,2007,4141
Steelhead,Winter,2008,3697
Steelhead,Winter,2009,4889
Steelhead,Winter,2010,6104
Steelhead,Winter,2011,4528
Steelhead,Winter,2012,5145
Steelhead,Winter,2013,5220
Steelhead,Winter,2014,5647
Steelhead,Winter,2015,3969
Steelhead,Winter,2016,3599
Steelhead,Winter,2017,2521
Steelhead,Winter,2018,1984
Steelhead,Winter,2019,3098
Steelhead,Winter,2020,5202
Steelhead,Winter,2021,2599
Steelhead,Winter,2022,3137
Steelhead,Winter,2001,1710
Steelhead,Winter,2002,3102
Steelhead,Winter,2003,1383
Steelhead,Winter,2004,2250
Steelhead,Winter,2005,1279
Steelhead,Winter,2006,833
Steelhead,Winter,2007,805
Steelhead,Winter,2008,1256
Steelhead,Winter,2009,2097
Steelhead,Winter,2010,1673
Steelhead,Winter,2011,1307
Steelhead,Winter,2012,1760
Steelhead,Winter,2013,846
Steelhead,Winter,2014,625
Steelhead,Winter,2015,1588
Steelhead,Winter,2016,1063
Steelhead,Winter,2017,647
Steelhead,Winter,2018,1218
Steelhead,Winter,2019,1039
Steelhead,Winter,2020,1079
Steelhead,Winter,2021,1456
Steelhead,Winter,1996,6118
Steelhead,Winter,1997,7714
Steelhead,Winter,1998,24505
Steelhead,Winter,1999,25368
Steelhead,Winter,2000,26184
Steelhead,Winter,2001,30861
Steelhead,Winter,2002,9300
Steelhead,Winter,2003,21565
Steelhead,Winter,2004,23249
Steelhead,Winter,2005,40892
Steelhead,Winter,2006,21064
Steelhead,Winter,2007,19367
Steelhead,Winter,2008,10246
Steelhead,Winter,2009,11783
Steelhead,Winter,2010,15671
Steelhead,Winter,2011,14723
Steelhead,Winter,2012,18266
Steelhead,Winter,2013,14637
Steelhead,Winter,2005,19691
Steelhead,Winter,2006,12133
Steelhead,Winter,2007,13759
Steelhead,Winter,2008,13260
Steelhead,Winter,2009,
Steelhead,Winter,2010,37909
Steelhead,Winter,2011,29128
Steelhead,Winter,2012,21227
Steelhead,Winter,2013,28433
Steelhead,Winter,2014,37866
Steelhead,Winter,2015,31912
Steelhead,Winter,2016,39765
Steelhead,Winter,2017,19095
Steelhead,Winter,2018,35266
Steelhead,Summer-Winter,1978,35166
Steelhead,Summer-Winter,1979,34356
Steelhead,Summer-Winter,1980,23804
Steelhead,Summer-Winter,1981,37082
Steelhead,Summer-Winter,1982,
Steelhead,Summer-Winter,1983,43336
Steelhead,Summer-Winter,1984,
Steelhead,Summer-Winter,1985,
Steelhead,Summer-Winter,1986,
Steelhead,Summer-Winter,1987,
Steelhead,Summer-Winter,1988,
Steelhead,Summer-Winter,1989,
Steelhead,Summer-Winter,1990,
Steelhead,Summer-Winter,1991,
Steelhead,Summer-Winter,1992,23768
Steelhead,Summer-Winter,1993,
Steelhead,Summer-Winter,1994,26218
Steelhead,Summer-Winter,1995,
Steelhead,Summer-Winter,1996,
Steelhead,Summer-Winter,1997,
Steelhead,Summer-Winter,1998,15902
Steelhead,Summer-Winter,1999,26543
Steelhead,Summer-Winter,2000,20301
Steelhead,Summer-Winter,2001,41510
Steelhead,Summer-Winter,2002,25725
Steelhead,Summer-Winter,2003,
Steelhead,Summer-Winter,2004,23885
Steelhead,Summer-Winter,2005,20532
Steelhead,Summer-Winter,2006,23797
Steelhead,Summer-Winter,2007,11931
Steelhead,Summer-Winter,2008,14254
Steelhead,Summer-Winter,2009,27301
Steelhead,Summer-Winter,2010,28042
Steelhead,Summer-Winter,2011,36558
Steelhead,Summer-Winter,2013,34416
Steelhead,Summer-Winter,2014,89960
Steelhead,Summer-Winter,2015,27692
Steelhead,Summer-Winter,2016,19167
Steelhead,Summer-Winter,2017,14043
Steelhead,Summer-Winter,2018,12158
Steelhead,Summer-Winter,2019,22654
Steelhead,Summer-Winter,2020,18509
Steelhead,Summer-Winter,2021,32302
Steelhead,Summer-Winter,2023,18939
Steelhead,Winter,1998,6648
Steelhead,Winter,1999,2268
Steelhead,Winter,2000,3114
Steelhead,Winter,2001,3565
Steelhead,Winter,2002,2690
Steelhead,Winter,2003,1582
Steelhead,Winter,2004,3260
Steelhead,Winter,2005,1980
Steelhead,Winter,2006,1815
Steelhead,Winter,2007,1642
Steelhead,Winter,2008,
Steelhead,Winter,2009,2454
Steelhead,Winter,2010,1847
Steelhead,Winter,2011,1865
Steelhead,Winter,2012,1343
Steelhead,Winter,2013,2416
Steelhead,Summer-Winter,1996,812
Steelhead,Summer-Winter,1998,1492
Steelhead,Summer-Winter,1999,1375
Steelhead,Summer-Winter,2000,715
Steelhead,Summer-Winter,2001,966
Steelhead,Summer-Winter,2002,625
Steelhead,Summer-Winter,2003,916
Steelhead,Summer-Winter,2004,1438
Steelhead,Summer-Winter,2005,1410
Steelhead,Summer-Winter,2006,961
Steelhead,Summer-Winter,2007,1104
Steelhead,Summer-Winter,2008,636
Steelhead,Summer-Winter,2009,1096
Steelhead,Summer-Winter,2010,976
Steelhead,Summer-Winter,2011,1200
Steelhead,Summer-Winter,2012,706
Steelhead,Summer-Winter,2013,1286
Steelhead,Summer-Winter,2014,835
Steelhead,Summer-Winter,2015,1283
Steelhead,Summer-Winter,2016,728
Steelhead,Summer-Winter,2017,1060
Steelhead,Summer-Winter,2018,760
Steelhead,Summer-Winter,2019,814
Steelhead,Summer-Winter,2020,1050
Steelhead,Summer-Winter,2021,892
Steelhead,Summer-Winter,1995,2461
Steelhead,Summer-Winter,1996,1093
Steelhead,Summer-Winter,1997,2874
Steelhead,Summer-Winter,1998,4046
Steelhead,Summer-Winter,1999,3525
Steelhead,Summer-Winter,2000,1321
Steelhead,Summer-Winter,2001,2071
Steelhead,Summer-Winter,2002,704
Steelhead,Summer-Winter,2003,2391
Steelhead,Summer-Winter,2004,1840
Steelhead,Summer-Winter,2005,3786
Steelhead,Summer-Winter,2006,1428
Steelhead,Summer-Winter,2007,1514
Steelhead,Summer-Winter,2008,1486
Steelhead,Summer-Winter,2009,2675
Steelhead,Summer-Winter,2010,2645
Steelhead,Summer-Winter,2011,2651
Steelhead,Summer-Winter,2012,1791
Steelhead,Summer-Winter,2013,2731
Steelhead,Summer-Winter,2014,3984
Steelhead,Summer-Winter,2015,4277
Steelhead,Summer-Winter,2016,2344
Steelhead,Summer-Winter,2017,2659
Steelhead,Summer-Winter,2018,3255
Steelhead,Summer-Winter,2019,3503
Steelhead,Summer-Winter,2020,3957
Steelhead,Summer-Winter,2021,4257
Steelhead,Summer-Winter,1998,2598
Steelhead,Summer-Winter,1999,1251
Steelhead,Summer-Winter,2000,1678
Steelhead,Summer-Winter,2001,1828
Steelhead,Summer-Winter,2002,986
Steelhead,Summer-Winter,2003,1578
Steelhead,Summer-Winter,2004,2279
Steelhead,Summer-Winter,2005,3634
Steelhead,Summer-Winter,2006,2045
Steelhead,Summer-Winter,2007,1520
Steelhead,Summer-Winter,2008,806
Steelhead,Summer-Winter,2009,1458
Steelhead,Summer-Winter,2010,2074
Steelhead,Summer-Winter,2011,1430
Steelhead,Summer-Winter,2012,776
Steelhead,Summer-Winter,2013,1461
Steelhead,Summer-Winter,2014,1372
Steelhead,Summer-Winter,2015,3807
Steelhead,Summer-Winter,2016,1319
Steelhead,Summer-Winter,2017,1338
Steelhead,Summer-Winter,2018,1347
Steelhead,Summer-Winter,2019,1602
Steelhead,Summer-Winter,2020,1414
Steelhead,Summer-Winter,2021,2422
Steelhead,Summer-Winter,1995,8021
Steelhead,Summer-Winter,1996,11651
Steelhead,Summer-Winter,1997,22058
Steelhead,Summer-Winter,1998,28520
Steelhead,Summer-Winter,1999,21927
Steelhead,Summer-Winter,2000,21135
Steelhead,Summer-Winter,2001,25794
Steelhead,Summer-Winter,2002,11101
Steelhead,Summer-Winter,2003,21811
Steelhead,Summer-Winter,2004,32006
Steelhead,Summer-Winter,2005,42846
Steelhead,Summer-Winter,2006,19125
Steelhead,Summer-Winter,2007,19291
Steelhead,Summer-Winter,2008,28582
Steelhead,Summer-Winter,2009,25177
Steelhead,Summer-Winter,2010,19683
Steelhead,Summer-Winter,2011,18513
Steelhead,Summer-Winter,2012,14051
Steelhead,Summer-Winter,2013,32459
Steelhead,Summer-Winter,2014,27094
Steelhead,Summer-Winter,2015,29352
Steelhead,Summer-Winter,2016,16533
Steelhead,Summer-Winter,2017,22584
Steelhead,Summer-Winter,2018,28030
Steelhead,Summer-Winter,2019,25937
Steelhead,Summer-Winter,2020,28156
Steelhead,Summer-Winter,2021,22976
Cutthroat,Anadromous Coastal,2001,769
Cutthroat,Anadromous Coastal,2002,1360
Cutthroat,Anadromous Coastal,2003,531
Cutthroat,Anadromous Coastal,2004,733
Cutthroat,Anadromous Coastal,2005,1019
Cutthroat,Anadromous Coastal,2006,559
Cutthroat,Anadromous Coastal,2007,682
Cutthroat,Anadromous Coastal,2008,311
Cutthroat,Anadromous Coastal,2009,620
Cutthroat,Anadromous Coastal,2010,771
Cutthroat,Anadromous Coastal,2011,664
Cutthroat,Anadromous Coastal,2012,2475
Cutthroat,Anadromous Coastal,2013,1501
Cutthroat,Anadromous Coastal,2014,310
Cutthroat,Anadromous Coastal,2015,597
Cutthroat,Anadromous Coastal,2016,812
Cutthroat,Anadromous Coastal,2017,1298
Cutthroat,Anadromous Coastal,2018,759
Cutthroat,Anadromous Coastal,2019,524
Cutthroat,Anadromous Coastal,2020,886
Cutthroat,Anadromous Coastal,2021,1359
Cutthroat,Anadromous Coastal,2022,1628
Cutthroat,Anadromous Coastal,2001,353
Cutthroat,Anadromous Coastal,2002,1050
Cutthroat,Anadromous Coastal,2003,563
Cutthroat,Anadromous Coastal,2004,395
Cutthroat,Anadromous Coastal,2005,523
Cutthroat,Anadromous Coastal,2006,904
Cutthroat,Anadromous Coastal,2007,453
Cutthroat,Anadromous Coastal,2008,175
Cutthroat,Anadromous Coastal,2009,469
Cutthroat,Anadromous Coastal,2010,678
Cutthroat,Anadromous Coastal,2011,541
Cutthroat,Anadromous Coastal,2012,618
Cutthroat,Anadromous Coastal,2013,577
Cutthroat,Anadromous Coastal,2014,934
Cutthroat,Anadromous Coastal,2015,1011
Cutthroat,Anadromous Coastal,2016,675
Cutthroat,Anadromous Coastal,2017,438
Cutthroat,Anadromous Coastal,2018,458
Cutthroat,Anadromous Coastal,2019,313
Cutthroat,Anadromous Coastal,2020,200
Cutthroat,Anadromous Coastal,2021,49
Cutthroat,Anadromous Coastal,2022,422
Cutthroat,Anadromous Coastal,2001,522
Cutthroat,Anadromous Coastal,2002,1870
Cutthroat,Anadromous Coastal,2003,574
Cutthroat,Anadromous Coastal,2004,1053
Cutthroat,Anadromous Coastal,2005,1784
Cutthroat,Anadromous Coastal,2006,2527
Cutthroat,Anadromous Coastal,2007,1288
Cutthroat,Anadromous Coastal,2008,1180
Cutthroat,Anadromous Coastal,2009,1667
Cutthroat,Anadromous Coastal,2010,1317
Cutthroat,Anadromous Coastal,2011,1114
Cutthroat,Anadromous Coastal,2012,2094
Cutthroat,Anadromous Coastal,2013,1402
Cutthroat,Anadromous Coastal,2014,431
Cutthroat,Anadromous Coastal,2015,1575
Cutthroat,Anadromous Coastal,2016,1437
Cutthroat,Anadromous Coastal,2017,1921
Cutthroat,Anadromous Coastal,2018,1261
Cutthroat,Anadromous Coastal,2019,889
Cutthroat,Anadromous Coastal,2020,1133
Cutthroat,Anadromous Coastal,2021,825
Cutthroat,Anadromous Coastal,2005,3001
Cutthroat,Anadromous Coastal,2006,1920
Cutthroat,Anadromous Coastal,2007,2841
Cutthroat,Anadromous Coastal,2008,1628
Cutthroat,Anadromous Coastal,2009,
Cutthroat,Anadromous Coastal,2010,5552
Cutthroat,Anadromous Coastal,2011,2034
Cutthroat,Anadromous Coastal,2012,2658
Cutthroat,Anadromous Coastal,2013,2842
Cutthroat,Anadromous Coastal,2014,4003
Cutthroat,Anadromous Coastal,2016,2740
Cutthroat,Anadromous Coastal,2017,1636
Cutthroat,Anadromous Coastal,2018,1494
Cutthroat,Anadromous Coastal,2014,1797
Cutthroat,Anadromous Coastal,2016,1764
Cutthroat,Anadromous Coastal,2017,1849
Cutthroat,Anadromous Coastal,2018,1100
Cutthroat,Anadromous Coastal,2019,1230
Cutthroat,Anadromous Coastal,2020,1719
Cutthroat,Anadromous Coastal,2021,2566
Cutthroat,Anadromous Coastal,2022,2268
Chinook,NA,1994,2071000
Chinook,NA,1995,1933398
Chinook,NA,1996,1000270
Chinook,NA,1997,2758000
Chinook,NA,1998,2454000
Chinook,NA,1999,7712000
Chinook,NA,2000,1775000
Chinook,NA,2001,6793000
Chinook,NA,2002,5835000
Chinook,NA,2003,5018000
Chinook,NA,2004,3320000
Chinook,NA,2005,4126000
Chinook,NA,2006,5760000
Chinook,NA,2007,1719000
Chinook,NA,2008,1562000
Chinook,NA,2009,2289000
Chinook,NA,2010,1613622
Chinook,NA,2011,3677939
Chinook,NA,2012,
Chinook,NA,2013,
Chinook,NA,2014,3900178
Chinook,NA,2015,1132766
Chinook,NA,2016,3090952
Chinook,NA,2017,3069457
Chinook,NA,2018,2168801
Chinook,NA,2019,1801631
Chinook,NA,2020,3715522
Chinook,NA,2021,2241135
Chinook,NA,2001,10506
Chinook,NA,2002,21318
Chinook,NA,2003,17281
Chinook,NA,2004,23647
Chinook,NA,2005,9270
Chinook,NA,2006,22362
Chinook,NA,2007,16529
Chinook,NA,2008,12706
Chinook,NA,2009,65201
Chinook,NA,2010,9187
Chinook,NA,2011,18174
Chinook,NA,2012,22197
Chinook,NA,2013,44599
Chinook,NA,2014,62775
Chinook,NA,2015,41700
Chinook,NA,1999,80104
Chinook,NA,2000,64723
Chinook,NA,2001,32151
Chinook,NA,2002,119139
Chinook,NA,2003,235397
Chinook,NA,2004,120804
Chinook,NA,2005,134298
Chinook,NA,2006,117559
Chinook,NA,2007,122409
Chinook,NA,2008,772620
Chinook,NA,2009,139538
Chinook,NA,2010,146037
Chinook,NA,2011,187806
Chinook,NA,2012,902514
Chinook,NA,2013,893877
Chinook,NA,2014,49263
Chinook,NA,2015,368388
Chinook,Fall,2000,475207
Chinook,Fall,2001,809614
Chinook,Fall,2002,584150
Chinook,Fall,2003,449952
Chinook,Fall,2004,236648
Chinook,Fall,2005,470332
Chinook,Fall,2006,99794
Chinook,Fall,2007,127486
Chinook,Fall,2008,400760
Chinook,Fall,2009,196114
Chinook,Fall,2010,55541
Chinook,Fall,2011,344444
Chinook,Fall,2013,492738
Chinook,Fall,2014,396623
Chinook,Fall,2015,396944
Chinook,Fall,2016,57215
Chinook,Fall,2017,4158513
Chinook,Fall,2009,418684
Chinook,Fall,2010,143484
Chinook,Fall,2011,116524
Chinook,Fall,2012,246011
Chinook,Fall,2013,146292
Chinook,Fall,2014,84482
Chinook,Fall,2015,36029
Chinook,Fall,2016,3744
Chinook,Fall,2017,200016
Chinook,Fall,2011,1219
Chinook,Fall,2012,2789
Chinook,Fall,2013,5221
Chinook,Fall,2014,4553
Chinook,Fall,2015,1179
Chinook,Fall,2016,686
Chinook,Fall,2017,577
Chinook,Fall,2002,18044
Chinook,Fall,2004,5852
Chinook,Fall,2005,7289
Chinook,Fall,2007,1278
Chinook,Fall,2008,1019
Chinook,Fall,2009,407
Chinook,Fall,2011,
Chinook,Summer,2005,81865
Chinook,Summer,2006,136725
Chinook,Summer,2007,175033
Chinook,Summer,2008,11613
Chinook,Summer,2009,20445
Chinook,Summer,2010,47151
Chinook,Summer,2011,73857
Chinook,Summer,2012,144679
Chinook,Summer,2013,238853
Chinook,Summer,2014,113467
Chinook,Summer,2015,105566
Chinook,Summer,2016,78835
Chinook,Summer,2017,61660
Chum,Fall,2014,838217
Chum,Winter,2009,159390
Chum,Winter,2010,330924
Chum,Winter,2011,862328
Chum,Winter,2012,54438
Chum,Winter,2013,148545
Chum,Winter,2014,17197
Chum,Winter,2015,233783
Chum,Fall,2011,32656
Chum,Fall,2012,43055
Chum,Fall,2013,42211
Chum,Fall,2014,17677
Chum,Fall,2015,44597
Chum,Fall,2016,41253
Chum,Fall,2017,44322
Chum,Fall,2005,498472
Chum,Fall,2006,194717
Chum,Fall,2007,381776
Chum,Fall,2008,96103
Chum,Fall,2009,630355
Chum,Fall,2010,41324
Chum,Fall,2011,202658
Chum,Fall,2012,38968
Chum,Fall,2013,338568
Chum,Fall,2014,92275
Chum,Fall,2015,155644
Chum,Fall,2016,23926
Chum,Fall,2017,214915
Coho,NA,2014,1722084
Coho,NA,2015,665087
Coho,NA,2016,729392
Coho,NA,2017,1376182
Coho,NA,2018,1493126
Coho,NA,2019,1199873
Coho,NA,2020,1057204
Coho,NA,2021,1196097
Coho,Fall,2011,62280
Coho,Fall,2012,48148
Coho,Fall,2013,50642
Coho,Fall,2014,106365
Coho,Fall,2015,42564
Coho,Fall,2016,62074
Coho,Fall,2017,79491
Coho,NA,2009,128497
Coho,NA,2010,179220
Coho,NA,2011,254456
Coho,NA,2012,80048
Coho,NA,2013,164400
Coho,NA,2014,203827
Coho,NA,2015,118580
Coho,NA,2016,84524
Coho,NA,2017,58930
Coho,NA,2006,38579
Coho,NA,2007,29910
Coho,NA,2008,27416
Coho,NA,2009,45398
Coho,NA,2010,24396
Coho,NA,2011,57271
Coho,NA,2012,21243
Coho,NA,2013,27246
Coho,NA,2014,56639
Coho,NA,2015,8114
Coho,NA,2016,23912
Coho,NA,2017,23912
Coho,NA,2018,21915
Coho,NA,2019,27954
Coho,NA,2021,3066
Coho,NA,2022,19499
Coho,NA,1992,307
Coho,NA,1993,143
Coho,NA,1994,152
Coho,NA,1995,828
Coho,NA,1997,100
Coho,NA,1999,257
Coho,NA,2000,44
Coho,NA,2001,407
Coho,NA,2002,275
Coho,NA,2003,239
Coho,NA,2004,377
Coho,NA,2005,1969
Coho,NA,2006,1743
Coho,NA,2007,1075
Coho,NA,2008,96
Coho,NA,2009,1099
Coho,NA,2010,214
Coho,NA,2011,917
Coho,NA,2012,566
Coho,NA,2013,1507
Coho,NA,2014,1857
Coho,NA,2015,622
Coho,NA,2016,599
Coho,NA,2017,166
Coho,NA,2018,847
Coho,NA,2019,344
Coho,NA,2020,57
Coho,NA,2021,106
Coho,NA,2006,1829
Coho,NA,2007,787
Coho,NA,2008,828
Coho,NA,2009,626
Coho,NA,2010,496
Coho,NA,2011,1154
Coho,NA,2012,1031
Coho,NA,2013,1368
Coho,NA,2014,1508
Coho,NA,2015,726
Coho,NA,2016,863
Coho,NA,2017,1317
Coho,NA,2018,1771
Coho,NA,2019,897
Coho,NA,2020,344
Coho,NA,2021,1014
Coho,NA,2006,8043
Coho,NA,2007,6749
Coho,NA,2008,2850
Coho,NA,2009,3474
Coho,NA,2010,1663
Coho,NA,2011,1550
Coho,NA,2012,2168
Coho,NA,2013,4327
Coho,NA,2014,6077
Coho,NA,2015,2937
Coho,NA,2016,4515
Coho,NA,2017,1862
Coho,NA,2018,4830
Coho,NA,2019,3484
Coho,NA,2020,4426
Coho,NA,2021,2029
Coho,Fall,2012,7082
Coho,Fall,2013,6732
Coho,Fall,2014,8838
Coho,Fall,2015,1844
Coho,Fall,2016,1121
Coho,Fall,2017,3755
Coho,Fall,2006,43887
Coho,Fall,2007,22133
Coho,Fall,2008,21292
Coho,Fall,2009,30780
Coho,Fall,2010,38209
Coho,Fall,2011,26280
Coho,Fall,2012,31794
Coho,Fall,2013,52336
Coho,Fall,2014,35839
Coho,Fall,2015,6040
Coho,Fall,2016,20493
Coho,Fall,2017,12991
Coho,Winter,2005,57096
Pink,NA,2014,59567881
Pink,NA,2016,32299759
Pink,NA,2018,6985668
Pink,Fall,2010,17699963
Pink,Fall,2012,8586354
Pink,Fall,2014,27543984
Pink,Fall,2016,2146344
Pink,Fall,2002,236326
Pink,Fall,2004,42111
Pink,Fall,2008,4385
Pink,Fall,2010,1472
Pink,Fall,2008,35789
Pink,Fall,2010,17751
Pink,Fall,2012,512638
Pink,Fall,2014,2401896
Pink,Fall,2016,170132
Pink,Fall,2006,696640
Pink,Fall,2008,472329
Pink,Fall,2009,43160
Pink,Fall,2010,186616
Pink,Fall,2011,33209
Pink,Fall,2012,3687546
Pink,Fall,2013,11043
Pink,Fall,2014,29547069
Steelhead,NA,2014,2315
Steelhead,NA,2015,2470
Steelhead,Winter,2014,1646
Steelhead,Winter,2013,15339
Steelhead,Winter,2014,31638
Steelhead,Winter,2016,32936
Steelhead,Winter,2017,32215
Steelhead,Winter,2009,54063
Steelhead,Winter,2010,94704
Steelhead,Winter,2011,60740
Steelhead,Winter,2012,20178
Steelhead,Winter,2013,88212
Steelhead,Winter,2014,55246
Steelhead,Winter,2015,54572
Steelhead,Winter,2016,117376
Steelhead,Winter,2017,94740
Steelhead,Winter,1978,881
Steelhead,Winter,1979,870
Steelhead,Winter,1980,1685
Steelhead,Winter,1981,1578
Steelhead,Winter,1982,1269
Steelhead,Winter,1983,1237
Steelhead,Winter,1984,1770
Steelhead,Winter,1985,1189
Steelhead,Winter,1986,1210
Steelhead,Winter,1987,1153
Steelhead,Winter,1988,990
Steelhead,Winter,1989,1284
Steelhead,Winter,1990,1597
Steelhead,Winter,1991,1089
Steelhead,Winter,1992,1595
Steelhead,Winter,1993,1181
Steelhead,Winter,1994,1614
Steelhead,Winter,1995,1311
Steelhead,Winter,1996,1436
Steelhead,Winter,1997,1351
Steelhead,Winter,1998,1551
Steelhead,Winter,1999,1776
Steelhead,Winter,2000,1316
Steelhead,Winter,2001,1932
Steelhead,Winter,2002,2191
Steelhead,Winter,2003,1261
Steelhead,Winter,2004,1939
Steelhead,Winter,2005,1664
Steelhead,Winter,2006,1957
Steelhead,Winter,2007,1800
Steelhead,Winter,2008,1899
Steelhead,Winter,2009,2010
Steelhead,Winter,2010,1429
Steelhead,Winter,2011,623
Steelhead,Winter,2012,716
Steelhead,Winter,2013,1164
Steelhead,Winter,2014,816
Steelhead,Winter,2015,706
Steelhead,Winter,2016,1155
Steelhead,Winter,2017,769
Steelhead,Winter,2018,1361
Steelhead,Winter,2019,1418
Steelhead,Winter,2020,731
Steelhead,Winter,2021,265
Steelhead,Winter,2006,7
Steelhead,Winter,2007,7
Steelhead,Winter,2008,7
Steelhead,Winter,2009,2
Steelhead,Winter,2010,3
Steelhead,Winter,2011,2
Steelhead,Winter,2012,2
Steelhead,Winter,2013,2
Steelhead,Winter,2014,6
Steelhead,Winter,2015,5
Steelhead,Winter,2016,2
Steelhead,Winter,2017,1
Steelhead,Winter,2018,4
Steelhead,Winter,2019,5
Steelhead,Winter,2020,1
Steelhead,Winter,2021,4
Steelhead,Winter,2006,16
Steelhead,Winter,2007,7
Steelhead,Winter,2008,17
Steelhead,Winter,2009,21
Steelhead,Winter,2010,7
Steelhead,Winter,2011,1
Steelhead,Winter,2012,4
Steelhead,Winter,2013,3
Steelhead,Winter,2014,7
Steelhead,Winter,2015,6
Steelhead,Winter,2016,1
Steelhead,Winter,2017,3
Steelhead,Winter,2018,4
Steelhead,Winter,2019,3
Steelhead,Winter,2020,1
Steelhead,Winter,2021,11
Steelhead,Winter,2006,23
Steelhead,Winter,2007,16
Steelhead,Winter,2008,14
Steelhead,Winter,2009,18
Steelhead,Winter,2010,8
Steelhead,Winter,2011,9
Steelhead,Winter,2012,9
Steelhead,Winter,2013,21
Steelhead,Winter,2014,36
Steelhead,Winter,2015,30
Steelhead,Winter,2016,33
Steelhead,Winter,2017,9
Steelhead,Winter,2018,14
Steelhead,Winter,2019,2
Steelhead,Winter,2020,9
Steelhead,Winter,2021,10
Steelhead,Summer-Winter,2012,2299
Steelhead,Summer-Winter,2013,2422
Steelhead,Summer-Winter,2014,2938
Steelhead,Summer-Winter,2015,896
Steelhead,Winter,1978,1510
Steelhead,Winter,1979,960
Steelhead,Winter,1980,1461
Steelhead,Winter,1981,1659
Steelhead,Winter,1982,1866
Steelhead,Winter,1983,1367
Steelhead,Winter,1984,1192
Steelhead,Winter,1985,2233
Steelhead,Winter,1986,557
Steelhead,Winter,1987,2003
Steelhead,Winter,1988,582
Steelhead,Winter,1989,1844
Steelhead,Winter,1990,1438
Steelhead,Winter,1991,1251
Steelhead,Winter,1992,2238
Steelhead,Winter,1993,1629
Steelhead,Winter,1994,1704
Steelhead,Winter,1995,320
Steelhead,Winter,1996,2169
Steelhead,Winter,1997,1253
Steelhead,Winter,1998,838
Steelhead,Winter,1999,
Steelhead,Winter,2000,1383
Steelhead,Winter,2001,2526
Steelhead,Winter,2002,2474
Steelhead,Winter,2003,2787
Steelhead,Winter,2004,565
Steelhead,Winter,2005,1187
Steelhead,Winter,2006,711
Steelhead,Winter,2007,990
Steelhead,Winter,2008,298
Steelhead,Winter,2009,441
Steelhead,Winter,2010,870
Steelhead,Winter,2011,944
Steelhead,Winter,2012,242
Steelhead,Winter,2013,2279
Steelhead,Winter,2014,864
Steelhead,Fall,2009,10101
Steelhead,Winter,2005,9355
Steelhead,Winter,2006,6125
Steelhead,Winter,2007,11444
Steelhead,Winter,2008,10343
Steelhead,Winter,2010,17485
Steelhead,Winter,2011,19600
Steelhead,Winter,2012,5521
Steelhead,Winter,2013,7812
Steelhead,Winter,2014,13167
Steelhead,Winter,2015,5972
Steelhead,Winter,2016,4354
Steelhead,Winter,2017,11897
Cutthroat,Anadromous Coastal,2006,940
Cutthroat,Anadromous Coastal,2007,1269
Cutthroat,Anadromous Coastal,2008,719
Cutthroat,Anadromous Coastal,2009,649
Cutthroat,Anadromous Coastal,2010,1298
Cutthroat,Anadromous Coastal,2011,983
Cutthroat,Anadromous Coastal,2012,902
Cutthroat,Anadromous Coastal,2013,1072
Cutthroat,Anadromous Coastal,2014,1097
Cutthroat,Anadromous Coastal,2015,935
Cutthroat,Anadromous Coastal,2016,1013
Cutthroat,Anadromous Coastal,2017,1598
Cutthroat,Anadromous Coastal,2018,1402
Cutthroat,Anadromous Coastal,2006,578
Cutthroat,Anadromous Coastal,2007,797
Cutthroat,Anadromous Coastal,2008,544
Cutthroat,Anadromous Coastal,2009,420
Cutthroat,Anadromous Coastal,2010,832
Cutthroat,Anadromous Coastal,2011,626
Cutthroat,Anadromous Coastal,2012,763
Cutthroat,Anadromous Coastal,2013,836
Cutthroat,Anadromous Coastal,2014,652
Cutthroat,Anadromous Coastal,2015,916
Cutthroat,Anadromous Coastal,2016,843
Cutthroat,Anadromous Coastal,2017,752
Cutthroat,Anadromous Coastal,2018,388
Cutthroat,Anadromous Coastal,2019,357
Cutthroat,Anadromous Coastal,2020,54
Cutthroat,Anadromous Coastal,2007,199
Cutthroat,Anadromous Coastal,2008,188
Cutthroat,Anadromous Coastal,2009,356
Cutthroat,Anadromous Coastal,2010,514
Cutthroat,Anadromous Coastal,2011,482
Cutthroat,Anadromous Coastal,2012,540
Cutthroat,Anadromous Coastal,2013,474
Cutthroat,Anadromous Coastal,2014,628
Cutthroat,Anadromous Coastal,2015,426
Cutthroat,Anadromous Coastal,2016,463
Cutthroat,Anadromous Coastal,2017,872
Cutthroat,Anadromous Coastal,2018,408
Cutthroat,Anadromous Coastal,2019,134
Cutthroat,Anadromous Coastal,2020,112
Cutthroat,Anadromous Coastal,2021,324
Cutthroat,NA,2006,565
Cutthroat,Anadromous Coastal,2006,1049
Cutthroat,Anadromous Coastal,2007,1260
Cutthroat,Anadromous Coastal,2008,978
Cutthroat,Anadromous Coastal,2009,1046
Cutthroat,Anadromous Coastal,2010,1108
Cutthroat,Anadromous Coastal,2011,604
Cutthroat,Anadromous Coastal,2012,1043
Cutthroat,Anadromous Coastal,2013,1399
Cutthroat,Anadromous Coastal,2014,1506
Cutthroat,Anadromous Coastal,2015,1536
Cutthroat,Anadromous Coastal,2016,1304
Cutthroat,Anadromous Coastal,2017,1064
Cutthroat,Anadromous Coastal,2018,2215
Chinook,Fall,2001,6079
Chinook,Fall,2002,17820
Chinook,Fall,2003,13543
Chinook,Fall,2004,55182
Chinook,Fall,2005,47416
Chinook,Fall,2006,16364
Chinook,Fall,2007,40250
Chinook,Fall,2009,4258
Chinook,Fall,2010,27533
Chinook,Fall,2011,19851
Chinook,Fall,2012,14475
Chinook,Fall,2013,99817
Chinook,Fall,2014,7548
Chinook,Fall,2015,134213
Chinook,Fall,2016,33135
Chinook,Fall,2017,6422
Chinook,Fall,2018,19310
Chinook,Fall,2019,36717
Chinook,Fall,2020,1337
Chinook,Fall,2021,64583
Chinook,Spring,1987,42000
Chinook,Spring,1988,58200
Chinook,Spring,1989,44000
Chinook,Spring,1990,37500
Chinook,Spring,1991,30000
Chinook,Spring,1992,49500
Chinook,Spring,1993,
Chinook,Spring,1994,50800
Chinook,Spring,1995,49560
Chinook,Spring,1996,7000
Chinook,Spring,1997,
Chinook,Spring,1998,1612
Chinook,Spring,1999,21057
Chinook,Spring,2000,5508
Chinook,Spring,2001,8721
Chinook,Spring,2002,29442
Chinook,Spring,2003,42416
Chinook,Spring,2004,64036
Chinook,Spring,2005,27724
Chinook,Spring,2006,21057
Chinook,Spring,2007,17579
Chinook,Spring,2008,30228
Chinook,Spring,2009,8529
Chinook,Spring,2010,14778
Chinook,Spring,2011,45538
Chinook,Spring,2012,35080
Chinook,Spring,2013,23376
Chinook,Spring,2014,12886
Chinook,Spring,2015,3831
Chinook,Spring,2016,6604
Chinook,Spring,2017,14305
Chinook,Spring,2018,8058
Chinook,Spring,2019,17972
Chinook,Spring,2020,13170
Chinook,Spring,2021,0
Chinook,Spring,2004,4145
Chinook,Spring,2005,292
Chinook,Spring,2006,2358
Chinook,Spring,2007,2553
Chinook,Spring,2008,2265
Chinook,Spring,2009,1616
Chinook,Spring,2010,4080
Chinook,Spring,2011,
Chinook,Spring,2012,
Chinook,Spring,2013,3080
Chinook,Spring,2014,
Chinook,Spring,2015,
Chinook,Spring,2016,
Chinook,Spring,2017,
Steelhead,Summer,2008,62730
Steelhead,Summer,2010,39623
Steelhead,Summer,2011,44912
Steelhead,Summer,2012,14451
Steelhead,Summer,2013,22925
Steelhead,Summer,2014,28375
Steelhead,Summer,2015,14416
Steelhead,Summer,2016,42701
Steelhead,Summer,2017,33431
Steelhead,Summer,2018,10518
Steelhead,Summer,2019,29356
Steelhead,Summer,2020,13424
Steelhead,Summer,2021,27092
Steelhead,Summer,1998,30060
Steelhead,Summer,1999,17990
Steelhead,Summer,2000,17758
Steelhead,Summer,2001,22636
Steelhead,Summer,2002,7818
Steelhead,Summer,2003,16688
Steelhead,Summer,2004,13124
Steelhead,Summer,2005,15812
Steelhead,Summer,2006,9092
Steelhead,Summer,2007,11500
Steelhead,Summer,2008,26099
Steelhead,Summer,2009,9033
Steelhead,Summer,2010,15348
Steelhead,Summer,2011,27288
Steelhead,Summer,2012,25636
Steelhead,Summer,2013,23269
Steelhead,Summer,2014,16194
Steelhead,Summer,2015,5322
Steelhead,Summer,2016,25047
Steelhead,Summer,2017,20391
Steelhead,Summer,2018,23797
Steelhead,Summer,2019,20534
Steelhead,Summer,2020,24851
Steelhead,Summer,2021,38710
Steelhead,Summer,2004,45744
Steelhead,Summer,2005,27287
Steelhead,Summer,2006,36568
Steelhead,Summer,2007,50375
Steelhead,Summer,2008,36766
Steelhead,Summer,2009,25466
Steelhead,Summer,2010,23261
Steelhead,Summer,2011,40866
Steelhead,Summer,2012,43376
Steelhead,Summer,2013,42604
Steelhead,Summer,2014,50389
Steelhead,Summer,2015,22174
Steelhead,Summer,2016,31000
Steelhead,Summer,2017,36682
Steelhead,Summer,2018,57705
Steelhead,Summer,2019,60550
Steelhead,Summer,2020,47160
Chinook,Summer,2000,9572392
Chinook,Summer,2001,1299476
Chinook,Summer,2002,8229920
Chinook,Summer,2003,13167855
Chinook,Summer,2004,20336968
Chinook,Summer,2005,14764141
Chinook,Summer,2006,11612939
Chinook,Summer,2007,9397044
Chinook,Summer,2008,4470672
Chinook,Summer,2009,4309496
Chinook,Summer,2010,6695977
Chinook,Summer,2011,
Chinook,Summer,2012,
Chinook,Summer,2013,9333214
Chinook,Summer,2014,11936928
Chinook,Summer,2015,14157778
Chinook,Summer,2016,4023310
Chinook,Summer,2017,7593243
Chinook,Summer,2018,5823795
Chinook,Summer,2019,2439434
Chinook,Summer,2020,833310
Chinook,Spring,1994,39723
Chinook,Spring,1995,8662
Chinook,Spring,1996,16472
Chinook,Spring,1997,3830
Chinook,Spring,1998,15475
Chinook,Spring,1999,28334
Chinook,Spring,2000,23068
Chinook,Spring,2001,10661
Chinook,Spring,2002,40831
Chinook,Spring,2003,86482
Chinook,Spring,2004,90948
Chinook,Spring,2005,16755
Chinook,Spring,2006,72080
Chinook,Spring,2007,69064
Chinook,Spring,2008,45050
Chinook,Spring,2009,25809
Chinook,Spring,2010,35023
Chinook,Spring,2011,30959
Chinook,Spring,2012,47511
Chinook,Spring,2013,37185
Chinook,Spring,2014,34334
Chinook,Spring,2015,116906
Chinook,Spring,2016,117653
Chinook,Spring,2017,148407
Chinook,Spring,2018,57959
Chinook,Spring,2019,107053
Chinook,Spring,2020,83252
Chinook,Spring,2000,32837
Chinook,Spring,2001,13583
Chinook,Spring,2002,76643
Chinook,Spring,2003,243516
Chinook,Spring,2004,165116
Chinook,Spring,2005,70738
Chinook,Spring,2006,55619
Chinook,Spring,2007,302116
Chinook,Spring,2008,85558
Chinook,Spring,2009,60219
Chinook,Spring,2010,82137
Chinook,Spring,2011,
Chinook,Spring,2012,
Chinook,Spring,2013,89917
Chinook,Spring,2014,67973
Chinook,Spring,2015,58595
Chinook,Spring,2016,36752
Chinook,Spring,2017,130426
Chinook,Spring,2018,99045
Chinook,Spring,2019,101793
Chinook,Spring,2020,98733
Chinook,Spring,2004,36269
Chinook,Spring,2005,15306
Chinook,Spring,2006,33359
Chinook,Spring,2007,36623
Chinook,Spring,2008,32940
Chinook,Spring,2009,8111
Chinook,Spring,2010,10904
Chinook,Spring,2011,38589
Chinook,Spring,2012,59747
Chinook,Spring,2013,37212
Chinook,Spring,2014,59141
Chinook,Spring,2015,50151
Chinook,Spring,2016,41177
Chinook,Spring,2017,33880
Chinook,Spring,2018,14239
Chinook,Spring,2019,17822
Chinook,Spring,2020,42234
Chinook,Spring,2021,
Chinook,Spring,2005,2119
Chinook,Spring,2006,8469
Chinook,Spring,2007,4860
Chinook,Spring,2008,20596
Chinook,Spring,2009,12686
Chinook,Spring,2010,8075
Chinook,Spring,2011,7607
Chinook,Spring,2012,13059
Chinook,Spring,2013,11264
Chinook,Spring,2014,25695
Chinook,Spring,2015,28131
Chinook,Spring,2016,20540
Chinook,Spring,2017,31036
Chinook,Spring,2018,10376
Chinook,Spring,2019,25165
Chinook,Spring,2020,18078
Steelhead,Summer,2000,33255
Steelhead,Summer,2001,27114
Steelhead,Summer,2002,36790
Steelhead,Summer,2003,32710
Steelhead,Summer,2004,32344
Steelhead,Summer,2005,41414
Steelhead,Summer,2006,17499
Steelhead,Summer,2007,85443
Steelhead,Summer,2008,31902
Steelhead,Summer,2009,27513
Steelhead,Summer,2010,36826
Steelhead,Summer,2011,
Steelhead,Summer,2012,
Steelhead,Summer,2013,10813
Steelhead,Summer,2014,
Steelhead,Summer,2015,8632
Steelhead,Summer,2016,10135
Steelhead,Summer,2017,5784
Steelhead,Summer,2018,9758
Steelhead,Summer,2019,8050
Steelhead,Summer,2020,13461
Steelhead,Summer,2007,15485
Steelhead,Summer,2008,11036
Steelhead,Summer,2009,32086
Steelhead,Summer,2010,21756
Steelhead,Summer,2011,16353
Steelhead,Summer,2012,9535
Steelhead,Summer,2013,19865
Steelhead,Summer,2014,25353
Steelhead,Summer,2015,19834
Steelhead,Summer,2016,17639
Steelhead,Summer,2017,22667
Steelhead,Summer,2018,19063
Steelhead,Summer,2019,14063
Steelhead,Summer,2020,20036
Steelhead,Summer,2007,3521
Steelhead,Summer,2008,7285
Steelhead,Summer,2009,12794
Steelhead,Summer,2010,5608
Steelhead,Summer,2011,6028
Steelhead,Summer,2012,3792
Steelhead,Summer,2013,8326
Steelhead,Summer,2014,5651
Steelhead,Summer,2015,5793
Steelhead,Summer,2016,5763
Steelhead,Summer,2017,6864
Steelhead,Summer,2018,6608
Steelhead,Summer,2019,7652
Steelhead,Summer,2020,7366